mean_squared_error_mean,mean_squared_error_std,model_type,spearman_mean,spearman_std
0.07619418025315741,0.0030043145044445912,linear_regression,0.7088404195403335,0.011618386523977446
0.11142449561414594,0.031885067589660504,linear_svr,0.6915860768347908,0.028132929080873136
0.1327693039021164,0.0051222404693933715,decision_tree,0.5973358547141865,0.01639289548662858
0.06967276401284533,0.002800156134411491,random_forest,0.7422816441322889,0.008111517888490979
0.06713651440280399,0.0033121737652322086,xgboost,0.7505802079555236,0.012324685244856904
