mean_squared_error_mean,mean_squared_error_std,model_type,spearman_mean,spearman_std
3495266640779158.0,9702236482679916.0,linear_regression,0.7269893174688237,0.01215537038392334
0.10202603741725207,0.02029426161441686,linear_svr,0.7098587185385214,0.04011996567321993
0.11007833167989416,0.002601891012511168,decision_tree,0.6571704196377514,0.014038862758654163
0.07577523627306118,0.0025202923916899625,random_forest,0.7125206880700434,0.010571069513406478
0.05482203182123256,0.0025020902081904373,xgboost,0.793651264749682,0.008220169347379862
