mean_squared_error_mean,mean_squared_error_std,model_type,spearman_mean,spearman_std
8.42498051056358e+18,2.3653088011586785e+19,linear_regression,0.7300090001475298,0.00961140019553039
0.07782814909220155,0.002559595163630042,linear_svr,0.7163175608815013,0.0077284862111382645
0.09935559799062994,0.005033882870029825,decision_tree,0.6851173184358389,0.013019083929065632
0.06500364335414928,0.0027664917594496397,random_forest,0.7610895003358219,0.008884459071923015
0.05355012915107733,0.002361950793890357,xgboost,0.7971817646675028,0.007636669754040475
