mean_squared_error_mean,mean_squared_error_std,model_type,spearman_mean,spearman_std
0.09779215374467648,0.0022348591890402154,linear_regression,0.4965576412951503,0.012355789564132812
0.16894226155095543,0.07769043421505598,linear_svr,0.4325790565982963,0.04966091519910818
0.1660692217714632,0.00748125556483398,decision_tree,0.33593246124233805,0.029170542831307218
0.09479338358703251,0.002702567957942369,random_forest,0.4991762098113832,0.01614295047697227
0.0947607539316558,0.003304619462247198,xgboost,0.5086171402733677,0.015160272007255043
