mean_squared_error_mean,mean_squared_error_std,model_type,spearman_mean,spearman_std
0.08008631159808673,0.0031272042224407856,linear_regression,0.705582592909648,0.011860647609736224
0.08324993337307436,0.003083409840409684,linear_svr,0.6966599962609579,0.011700264146049246
0.08992674637509657,0.005309761725870727,decision_tree,0.6541586683860885,0.017703872579298372
0.07145682878314215,0.0028106822754657593,random_forest,0.7337488397466981,0.008440975110205756
0.07280782127455498,0.0027249117392350616,xgboost,0.7244711280275807,0.0073328368962470485
