mean_squared_error_mean,mean_squared_error_std,model_type,spearman_mean,spearman_std
7738262131047930.0,1.2372646025854344e+16,linear_regression,0.7284627081373892,0.009390498557207846
0.08058881710601858,0.002888922894602273,linear_svr,0.7097642379915046,0.007411595069117958
0.09911265645063586,0.0048992810006392995,decision_tree,0.6844052387571902,0.016530821022772348
0.07282179507448669,0.0034923581682565967,random_forest,0.7332802961384883,0.01275994178287531
0.05366443917232759,0.002021932383904889,xgboost,0.7987979762119614,0.006102453269364627
